{
  "train": {
    "count": 32,
    "sequence_length": {
      "min": 20,
      "max": 128,
      "mean": 70.65625,
      "std": 39.382427374877494
    },
    "vocabulary": {
      "unique_tokens": 546,
      "total_tokens": 2261,
      "most_common_tokens": [
        [
          1004,
          81
        ],
        [
          1010,
          71
        ],
        [
          1996,
          62
        ],
        [
          1050,
          60
        ],
        [
          17258,
          58
        ],
        [
          2401,
          57
        ],
        [
          1999,
          57
        ],
        [
          1055,
          56
        ],
        [
          2000,
          50
        ],
        [
          2008,
          43
        ]
      ]
    }
  },
  "validation": {
    "count": 4,
    "sequence_length": {
      "min": 36,
      "max": 128,
      "mean": 88.0,
      "std": 40.890096600521744
    },
    "vocabulary": {
      "unique_tokens": 162,
      "total_tokens": 352,
      "most_common_tokens": [
        [
          1996,
          15
        ],
        [
          1004,
          12
        ],
        [
          1050,
          9
        ],
        [
          2000,
          9
        ],
        [
          1010,
          9
        ],
        [
          1045,
          9
        ],
        [
          2008,
          9
        ],
        [
          17258,
          8
        ],
        [
          2401,
          8
        ],
        [
          2017,
          7
        ]
      ]
    }
  },
  "test": {
    "count": 4,
    "sequence_length": {
      "min": 19,
      "max": 128,
      "mean": 64.75,
      "std": 40.2763888649417
    },
    "vocabulary": {
      "unique_tokens": 144,
      "total_tokens": 259,
      "most_common_tokens": [
        [
          1010,
          12
        ],
        [
          1004,
          8
        ],
        [
          1055,
          7
        ],
        [
          2000,
          7
        ],
        [
          1996,
          7
        ],
        [
          1997,
          5
        ],
        [
          1999,
          5
        ],
        [
          1998,
          5
        ],
        [
          101,
          4
        ],
        [
          2009,
          4
        ]
      ]
    }
  },
  "total_samples": 40,
  "tokenizer_info": {
    "model": "bert-base-uncased",
    "vocab_size": 30522,
    "max_length": 128
  }
}